,parameter,n_all,n_consis,n_inconsis,n_consis_up,n_consis_down,p_consis,p_consis_up,p_consis_down,p_inconsis
0,CO2,50,21,29,15,6,42.0,30.0,12.0,58.0
1,N02NO3,67,36,31,17,19,53.73134328358209,25.37313432835821,28.35820895522388,46.26865671641791
2,HCO3,49,22,27,17,5,44.89795918367347,34.69387755102041,10.204081632653061,55.10204081632653
3,PO4,68,38,30,15,23,55.88235294117647,22.058823529411764,33.82352941176471,44.11764705882353
4,Si,68,42,26,14,28,61.76470588235294,20.588235294117645,41.17647058823529,38.23529411764706
5,NO2,68,36,32,14,22,52.94117647058824,20.588235294117645,32.35294117647059,47.05882352941176
