,growth_rate,sample_type,data_type
0,0.032418848995688,Control,expt
1,0.033524015248054,Control,expt
2,0.042078420460278,Control,expt
3,0.03246191626289,Dark,expt
4,0.032343136005969,Dark,expt
5,0.022918120984264,Dark,expt
6,0.040316193682425,Low Si,expt
7,0.032938843800925,Low Si,expt
8,0.028440526067038,Low Si,expt
0,0.037100188577335,Control,insilico
1,0.029418706962116,Dark,insilico
2,0.031853576568622,Low Si,insilico
